Week,Channel,Units_Sold,Revenue,Net_Sales,Spend,Clicks,Impressions,Sessions,Conversions,Profit,ROAS,CPC,Conversion_Rate,Profit_Margin
2025-01-05,Email,252,16344.9810976721,16324.9810976721,1465.4269461538688,165,1650,3454,206,14859.55415151823,11.14,8.88,5.96,91.02
2025-01-05,Google Ads,299,21256.78314402898,21226.78314402898,752.7728448113342,445,8010,3915,47,20474.010299217647,28.2,1.69,1.2,96.45
2025-01-05,Meta Ads,271,13979.245078571314,13944.245078571314,1745.4645645856665,325,4225,3445,115,12198.780513985646,7.99,5.37,3.34,87.48
2025-01-05,Organic Search,75,3983.755656000785,3973.755656000785,1845.6942669770892,263,4471,2365,103,2128.061389023696,2.15,7.02,4.36,53.55
2025-01-12,Email,64,4086.346544430486,4071.346544430486,2111.957801735168,200,4200,954,25,1959.3887426953183,1.93,10.56,2.62,48.13
2025-01-12,Google Ads,400,31163.02845439488,31118.02845439488,1485.1980104436282,485,11640,2880,50,29632.83044395125,20.95,3.06,1.74,95.23
2025-01-12,Meta Ads,297,18161.080211005534,18101.080211005534,2111.051827152114,293,6446,2347,135,15990.02838385342,8.57,7.2,5.75,88.34
2025-01-12,Organic Search,208,14244.550188598436,14224.550188598436,831.8020487415724,458,7786,2069,29,13392.748139856863,17.1,1.82,1.4,94.15
2025-01-19,Email,112,7826.940110894226,7801.940110894226,2100.4126953671584,413,8673,1070,43,5701.527415527067,3.71,5.09,4.02,73.08
2025-01-19,Google Ads,167,10473.677778141284,10428.677778141284,1225.507200798304,209,4807,2582,55,9203.17057734298,8.51,5.86,2.13,88.25
2025-01-19,Meta Ads,289,18771.67310353124,18731.67310353124,2179.6407044069765,315,7245,1546,25,16552.032399124262,8.59,6.92,1.62,88.36
2025-01-19,Organic Search,232,14822.447157363878,14762.447157363878,801.3749740016676,135,2970,2310,67,13961.07218336221,18.42,5.94,2.9,94.57
2025-01-26,Email,72,5476.846544674695,5471.846544674695,2084.3823896033523,263,3419,1221,25,3387.4641550713427,2.63,7.93,2.05,61.91
2025-01-26,Google Ads,440,33945.526632009365,33865.526632009365,1086.7068428820198,305,7320,1073,42,32778.819789127345,31.16,3.56,3.91,96.79
2025-01-26,Meta Ads,322,23662.538311340166,23627.538311340166,1895.66557101034,455,7735,2506,82,21731.872740329825,12.46,4.17,3.27,91.98
2025-01-26,Organic Search,141,8178.782393677352,8153.782393677352,2391.8492880641734,294,4704,3211,39,5761.933105613179,3.41,8.14,1.21,70.67
2025-02-02,Email,120,8552.976508033571,8542.976508033571,755.5493055799809,330,7920,1680,59,7787.42720245359,11.31,2.29,3.51,91.16
2025-02-02,Google Ads,276,14411.97649404531,14361.97649404531,502.2241883923748,222,4440,3225,103,13859.752305652935,28.6,2.26,3.19,96.5
2025-02-02,Meta Ads,151,11680.253629222574,11660.253629222574,2348.5741415893226,248,4216,1690,66,9311.679487633251,4.96,9.47,3.91,79.86
2025-02-02,Organic Search,198,11864.832514560627,11849.832514560627,584.9398185130663,495,4950,2807,105,11264.89269604756,20.26,1.18,3.74,95.06
2025-02-09,Email,142,6855.963129271663,6830.963129271663,688.837795320962,268,4020,3956,121,6142.125333950701,9.92,2.57,3.06,89.92
2025-02-09,Google Ads,323,23954.874084256473,23904.874084256473,1830.1119780132624,241,5302,1182,49,22074.76210624321,13.06,7.59,4.15,92.34
2025-02-09,Meta Ads,197,15061.118911133959,15036.118911133959,1185.4618508558142,387,9288,3896,125,13850.657060278145,12.68,3.06,3.21,92.12
2025-02-09,Organic Search,154,13038.57917928688,13028.57917928688,2336.795084163116,197,2758,943,50,10691.784095123765,5.58,11.86,5.3,82.06
2025-02-16,Email,101,8450.350212958376,8435.350212958376,736.4372445821772,452,6328,1232,47,7698.9129683761985,11.45,1.63,3.81,91.27
2025-02-16,Google Ads,271,17259.851903461073,17209.851903461073,706.8682297209667,471,7536,2502,100,16502.983673740106,24.35,1.5,4.0,95.89
2025-02-16,Meta Ads,383,25726.47205841506,25691.47205841506,1957.8784002103143,478,10994,1019,10,23733.593658204747,13.12,4.1,0.98,92.38
2025-02-16,Organic Search,270,17285.10050111195,17275.10050111195,1924.27409176121,372,7812,1228,62,15350.826409350739,8.98,5.17,5.05,88.86
2025-02-23,Email,336,23256.370637175238,23201.370637175238,2147.212841596379,232,4176,2153,79,21054.15779557886,10.81,9.26,3.67,90.75
2025-02-23,Google Ads,334,19928.009497629253,19903.009497629253,1008.9626632365204,289,4624,3574,176,18894.04683439273,19.73,3.49,4.92,94.93
2025-02-23,Meta Ads,194,16871.52710800541,16856.52710800541,2130.55266218112,496,9920,3924,141,14725.974445824291,7.91,4.3,3.59,87.36
2025-02-23,Organic Search,124,6919.3216899328145,6914.3216899328145,1606.223942116743,194,2910,1689,23,5308.097747816071,4.3,8.28,1.36,76.77
2025-03-02,Email,133,9948.853350791713,9908.853350791713,1460.0947546201712,442,8840,3195,70,8448.758596171541,6.79,3.3,2.19,85.26
2025-03-02,Google Ads,348,17660.06741582868,17605.06741582868,1832.535722958077,424,8904,1724,18,15772.531692870602,9.61,4.32,1.04,89.59
2025-03-02,Meta Ads,248,15829.331248605358,15794.331248605358,951.4554476782548,171,2736,2210,42,14842.875800927104,16.6,5.56,1.9,93.98
2025-03-02,Organic Search,254,15001.680493144082,14971.680493144082,2159.445732643249,153,2601,834,10,12812.234760500833,6.93,14.11,1.2,85.58
2025-03-09,Email,137,12322.454961432604,12317.454961432604,1427.6284994553598,482,9158,2969,51,10889.826461977245,8.63,2.96,1.72,88.41
2025-03-09,Google Ads,292,19492.452585841504,19467.452585841504,1309.450127659317,153,2907,3470,183,18158.002458182185,14.87,8.56,5.27,93.27
2025-03-09,Meta Ads,138,9131.320069381574,9111.320069381574,631.623521381153,119,2737,3938,114,8479.696548000422,14.43,5.31,2.89,93.07
2025-03-09,Organic Search,172,11121.712112727451,11096.712112727451,1452.9225424787992,228,2280,2723,28,9643.789570248653,7.64,6.37,1.03,86.91
2025-03-16,Email,207,13572.632796933816,13542.632796933816,1229.341352468673,287,3444,2856,108,12313.291444465143,11.02,4.28,3.78,90.92
2025-03-16,Google Ads,395,23479.50436320348,23444.50436320348,1478.07155061524,439,6585,1250,16,21966.43281258824,15.86,3.37,1.28,93.7
2025-03-16,Meta Ads,167,10359.062910420806,10344.062910420806,1684.6027421241913,211,2532,3887,148,8659.460168296615,6.14,7.98,3.81,83.71
2025-03-16,Organic Search,224,17199.20319143743,17169.20319143743,1833.2341697587449,463,9723,1816,101,15335.969021678686,9.37,3.96,5.56,89.32
2025-03-23,Email,229,18077.91750756579,18042.91750756579,2489.3683303929743,272,5440,2820,91,15553.549177172818,7.25,9.15,3.23,86.2
2025-03-23,Google Ads,389,33408.40332471524,33368.40332471524,1645.2857062311691,375,6750,1638,19,31723.11761848407,20.28,4.39,1.16,95.07
2025-03-23,Meta Ads,205,13408.526013852406,13363.526013852406,2108.191339267186,342,5130,2613,96,11255.334674585221,6.34,6.16,3.67,84.22
2025-03-23,Organic Search,75,5422.920603864651,5402.920603864651,873.2798795953652,287,5166,3113,178,4529.640724269286,6.19,3.04,5.72,83.84
2025-03-30,Email,327,25225.739903109465,25210.739903109465,892.4914334123313,299,5681,2523,40,24318.248469697133,28.25,2.98,1.59,96.46
2025-03-30,Google Ads,321,15525.779201906122,15490.779201906122,1069.0827713538674,151,3624,2445,79,14421.696430552254,14.49,7.08,3.23,93.1
2025-03-30,Meta Ads,321,17248.67218569877,17213.67218569877,1734.2118888573125,441,8820,1105,20,15479.460296841458,9.93,3.93,1.81,89.93
2025-03-30,Organic Search,198,6832.415500560598,6807.415500560598,1547.1271590597116,214,4066,2191,96,5260.288341500886,4.4,7.23,4.38,77.27
2025-04-06,Email,136,10328.428091832231,10313.428091832231,2450.946056628044,306,7344,3812,218,7862.482035204187,4.21,8.01,5.72,76.24
2025-04-06,Google Ads,343,25039.914557796204,24994.914557796204,1096.1513010496456,176,3696,1219,34,23898.76325674656,22.8,6.23,2.79,95.61
2025-04-06,Meta Ads,359,21766.87658251164,21726.87658251164,2043.0241239969755,310,4960,3018,134,19683.852458514662,10.63,6.59,4.44,90.6
2025-04-06,Organic Search,76,8573.281183390212,8558.281183390212,633.3877628108977,366,6954,2353,132,7924.893420579315,13.51,1.73,5.61,92.6
2025-04-13,Email,71,6340.675121600717,6330.675121600717,1004.623854139374,329,3290,3026,80,5326.051267461343,6.3,3.05,2.64,84.13
2025-04-13,Google Ads,329,24971.51003809799,24951.51003809799,1091.3300785432384,110,1650,2669,64,23860.17995955475,22.86,9.92,2.4,95.63
2025-04-13,Meta Ads,425,35128.96476133511,35103.96476133511,1546.4261099417497,374,5610,2142,93,33557.53865139336,22.7,4.13,4.34,95.59
2025-04-13,Organic Search,245,16899.121518565476,16869.121518565476,1727.2758059787675,164,1968,2495,86,15141.84571258671,9.77,10.53,3.45,89.76
2025-04-20,Email,141,12505.471261086837,12480.471261086837,2315.470866355025,423,7614,1613,95,10165.000394731813,5.39,5.47,5.89,81.45
2025-04-20,Google Ads,273,16612.34587212314,16587.34587212314,2119.8488406057986,151,2265,3079,131,14467.497031517341,7.82,14.04,4.25,87.22
2025-04-20,Meta Ads,182,11831.640818646503,11826.640818646503,2287.270506692267,362,7240,3579,95,9539.370311954237,5.17,6.32,2.65,80.66
2025-04-20,Organic Search,229,15531.864909551061,15531.864909551061,1900.863598313008,457,10511,2831,163,13631.001311238053,8.17,4.16,5.76,87.76
2025-04-27,Email,248,10565.863259076572,10560.863259076572,2348.215431822559,368,6624,3453,119,8212.647827254013,4.5,6.38,3.45,77.76
2025-04-27,Google Ads,299,24324.42054522429,24299.42054522429,1174.6056729349727,150,2100,1703,63,23124.814872289317,20.69,7.83,3.7,95.17
2025-04-27,Meta Ads,169,10856.095005623756,10841.095005623756,1559.4279322167354,408,6936,2615,67,9281.667073407021,6.95,3.82,2.56,85.62
2025-04-27,Organic Search,180,12957.581702902862,12952.581702902862,2166.4087131933484,153,2754,947,17,10786.172989709514,5.98,14.16,1.8,83.27
2025-05-04,Email,198,9414.90545860002,9379.90545860002,1114.477923695441,447,6705,974,54,8265.427534904578,8.42,2.49,5.54,88.12
2025-05-04,Google Ads,265,22151.431281506295,22146.431281506295,2433.095033104165,359,7180,1166,23,19713.33624840213,9.1,6.78,1.97,89.01
2025-05-04,Meta Ads,187,15452.01813437489,15422.01813437489,2361.28495270392,106,2438,2838,44,13060.73318167097,6.53,22.28,1.55,84.69
2025-05-04,Organic Search,213,15185.53294638311,15180.53294638311,1600.943554205881,378,4158,1294,41,13579.58939217723,9.48,4.24,3.17,89.45
2025-05-11,Email,328,20795.190665670092,20765.190665670092,1178.6105346191348,263,6049,2132,94,19586.580131050956,17.62,4.48,4.41,94.32
2025-05-11,Google Ads,158,11563.768172045175,11538.768172045175,1669.0862265189164,466,8388,3982,109,9869.681945526258,6.91,3.58,2.74,85.53
2025-05-11,Meta Ads,142,9418.672807842762,9403.672807842762,1255.6784274543734,153,3366,1970,117,8147.994380388389,7.49,8.21,5.94,86.65
2025-05-11,Organic Search,323,21976.68756325315,21951.68756325315,823.8460132644275,385,8085,1837,94,21127.84154998872,26.65,2.14,5.12,96.25
2025-05-18,Email,164,12084.76260126194,12059.76260126194,730.2923567904022,316,3792,3734,151,11329.470244471539,16.51,2.31,4.04,93.94
2025-05-18,Google Ads,191,19064.01476708322,19034.01476708322,2495.498778020401,307,7061,2251,77,16538.51598906282,7.63,8.13,3.42,86.89
2025-05-18,Meta Ads,309,17623.20133263727,17603.20133263727,1209.4571134604253,192,4224,1504,45,16393.744219176842,14.55,6.3,2.99,93.13
2025-05-18,Organic Search,249,17660.08525318221,17610.08525318221,500.3730563413262,146,2044,2673,135,17109.712196840883,35.19,3.43,5.05,97.16
2025-05-25,Email,296,16908.807692644667,16878.807692644667,2381.007905758805,377,3770,3738,50,14497.799786885862,7.09,6.32,1.34,85.89
2025-05-25,Google Ads,260,17368.4818269256,17328.4818269256,1384.0668418622472,343,6517,2683,124,15944.414985063351,12.52,4.04,4.62,92.01
2025-05-25,Meta Ads,374,29194.862672987296,29144.862672987296,622.892580261575,186,3348,2112,109,28521.97009272572,46.79,3.35,5.16,97.86
2025-05-25,Organic Search,202,11722.300063022658,11687.300063022658,2409.1318577176216,268,5092,3997,51,9278.168205305035,4.85,8.99,1.28,79.39
2025-06-01,Email,116,6115.928787114441,6110.928787114441,753.6480451008376,287,3157,3439,150,5357.280742013603,8.11,2.63,4.36,87.67
2025-06-01,Google Ads,255,16626.447904444187,16601.447904444187,1454.8323789607075,490,10780,3257,177,15146.61552548348,11.41,2.97,5.43,91.24
2025-06-01,Meta Ads,253,17994.320056634224,17984.320056634224,722.4174946764374,407,4070,926,28,17261.902561957788,24.89,1.77,3.02,95.98
2025-06-01,Organic Search,99,8851.928808704582,8826.928808704582,576.1726011986385,231,4620,2166,83,8250.756207505943,15.32,2.49,3.83,93.47
2025-06-08,Email,156,8953.918916336452,8943.918916336452,697.188460483873,107,2354,3687,66,8246.73045585258,12.83,6.52,1.79,92.2
2025-06-08,Google Ads,259,15447.641853713336,15417.641853713336,1896.396861353,359,3590,3509,58,13521.244992360336,8.13,5.28,1.65,87.7
2025-06-08,Meta Ads,287,23207.777253059667,23182.777253059667,583.9281468872686,277,4986,1218,36,22598.849106172398,39.7,2.11,2.96,97.48
2025-06-08,Organic Search,288,21678.409751986015,21633.409751986015,1008.5224628897292,391,4301,3061,165,20624.887289096285,21.45,2.58,5.39,95.34
2025-06-15,Email,266,17265.00158208479,17235.00158208479,844.1720649052529,115,1380,1426,61,16390.82951717954,20.42,7.34,4.28,95.1
2025-06-15,Google Ads,196,13346.092200479616,13326.092200479616,1559.9406820428412,398,7960,2567,42,11766.151518436774,8.54,3.92,1.64,88.29
2025-06-15,Meta Ads,287,19343.830713355663,19323.830713355663,1685.5418817403695,476,5236,2912,80,17638.288831615293,11.46,3.54,2.75,91.28
2025-06-15,Organic Search,140,8124.892245974489,8119.892245974489,802.8910438707146,286,6864,3786,170,7317.001202103775,10.11,2.81,4.49,90.11
2025-06-22,Email,162,8317.504752192115,8307.504752192115,2156.877341877982,257,3855,2740,92,6150.627410314133,3.85,8.39,3.36,74.04
2025-06-22,Google Ads,454,25860.624782715327,25805.624782715327,1691.359648323059,116,1856,2175,60,24114.26513439227,15.26,14.58,2.76,93.45
2025-06-22,Meta Ads,343,16814.71356139926,16769.71356139926,2379.1371780503314,138,2484,1290,35,14390.576383348929,7.05,17.24,2.71,85.81
2025-06-22,Organic Search,156,12409.454981365048,12389.454981365048,1453.6777554662488,207,4347,1718,44,10935.777225898799,8.52,7.02,2.56,88.27
2025-06-29,Email,179,12792.290181635126,12757.290181635126,1146.1994033326746,445,7120,1481,49,11611.090778302452,11.13,2.58,3.31,91.02
2025-06-29,Google Ads,523,32797.41427249734,32747.41427249734,2157.3058122365783,117,2223,3787,77,30590.10846026076,15.18,18.44,2.03,93.41
2025-06-29,Meta Ads,199,16433.339745866317,16428.339745866317,1054.1384994267992,352,3520,2126,23,15374.201246439517,15.58,2.99,1.08,93.58
2025-06-29,Organic Search,52,3376.2767727552286,3366.2767727552286,1151.3696041279063,489,7335,2255,86,2214.9071686273223,2.92,2.35,3.81,65.8
