Date,Product_ID,Category,Units_Sold,Unit_Price,Discount,Channel
2025-01-05,P115,Home Decor,25,31.381957246455833,0,Email
2025-01-05,P111,Home Decor,40,30.00101588180378,5,Meta Ads
2025-01-05,P102,Home Decor,34,37.295606621218994,0,Email
2025-01-05,P101,Home Decor,26,15.741962048070327,0,Meta Ads
2025-01-05,P110,Home Decor,20,39.44099074518195,0,Google Ads
2025-01-05,P119,Home Decor,7,105.29374270731365,5,Meta Ads
2025-01-05,P109,Home Decor,8,113.93118434690955,0,Google Ads
2025-01-05,P109,Home Decor,6,86.84446778377648,0,Google Ads
2025-01-05,P108,Kitchen,18,56.06136379519028,0,Google Ads
2025-01-05,P104,Kitchen,10,36.83387460115983,0,Meta Ads
2025-01-05,P118,Kitchen,38,56.49077478019051,10,Email
2025-01-05,P116,Kitchen,18,35.578200554010245,0,Meta Ads
2025-01-05,P108,Kitchen,49,43.491648336259075,10,Organic Search
2025-01-05,P113,Kitchen,19,32.353028601615264,0,Google Ads
2025-01-05,P109,Kitchen,48,45.816258345394004,0,Email
2025-01-05,P119,Kitchen,39,97.96843175577659,5,Email
2025-01-05,P107,Outdoor,32,105.62585971693731,5,Email
2025-01-05,P102,Outdoor,27,85.22833152967877,5,Google Ads
2025-01-05,P112,Outdoor,31,73.93055971400862,0,Email
2025-01-05,P115,Outdoor,5,90.78159972231168,0,Email
2025-01-05,P114,Outdoor,13,89.61960341700768,0,Meta Ads
2025-01-05,P113,Outdoor,36,81.82309318269694,0,Google Ads
2025-01-05,P105,Electronics,49,71.68331458667568,0,Google Ads
2025-01-05,P113,Electronics,26,107.44912309660207,5,Google Ads
2025-01-05,P106,Electronics,48,34.58985618303376,10,Meta Ads
2025-01-05,P111,Electronics,32,52.41127299808237,10,Meta Ads
2025-01-05,P101,Electronics,17,105.37671124191606,0,Google Ads
2025-01-05,P108,Electronics,41,87.70578345347839,0,Meta Ads
2025-01-05,P115,Electronics,36,69.47301528305344,5,Google Ads
2025-01-05,P117,Electronics,16,41.43714106166324,0,Google Ads
2025-01-05,P105,Furniture,21,43.012006498904924,15,Google Ads
2025-01-05,P105,Furniture,5,40.153998520032104,0,Meta Ads
2025-01-05,P112,Furniture,10,40.41580350870754,5,Meta Ads
2025-01-05,P111,Furniture,21,91.46271660424526,0,Meta Ads
2025-01-05,P120,Furniture,26,71.25634182784964,0,Organic Search
2025-01-12,P109,Home Decor,10,88.0603447130426,10,Meta Ads
2025-01-12,P104,Home Decor,7,99.99760984467012,0,Google Ads
2025-01-12,P107,Home Decor,37,56.74506221418984,0,Google Ads
2025-01-12,P108,Home Decor,32,92.19769252028107,0,Google Ads
2025-01-12,P110,Home Decor,20,100.80833102112766,0,Google Ads
2025-01-12,P117,Kitchen,16,73.62081262874526,10,Google Ads
2025-01-12,P109,Kitchen,23,91.22534628137514,10,Google Ads
2025-01-12,P101,Kitchen,15,113.24167439319949,5,Email
2025-01-12,P108,Kitchen,39,54.089690488983024,10,Email
2025-01-12,P118,Kitchen,22,65.98944412655379,0,Google Ads
2025-01-12,P109,Kitchen,8,39.91115418716401,0,Google Ads
2025-01-12,P120,Kitchen,12,104.16845810188869,5,Meta Ads
2025-01-12,P101,Kitchen,26,42.84624860658117,0,Meta Ads
2025-01-12,P119,Outdoor,31,60.61140837859501,0,Organic Search
2025-01-12,P101,Outdoor,37,35.50051371879467,5,Meta Ads
2025-01-12,P119,Outdoor,21,119.42780363372081,0,Meta Ads
2025-01-12,P114,Outdoor,39,93.51047125922847,15,Organic Search
2025-01-12,P117,Outdoor,35,116.18009759437155,10,Meta Ads
2025-01-12,P101,Outdoor,22,73.46413255812676,10,Meta Ads
2025-01-12,P103,Outdoor,28,36.93646534961282,5,Meta Ads
2025-01-12,P102,Outdoor,46,107.12417255243533,5,Google Ads
2025-01-12,P101,Outdoor,43,45.827143647771805,10,Google Ads
2025-01-12,P118,Electronics,17,23.56738894202524,0,Organic Search
2025-01-12,P104,Electronics,5,22.448796284992405,0,Email
2025-01-12,P114,Electronics,27,17.899761046738995,0,Organic Search
2025-01-12,P119,Electronics,26,77.03749235974612,0,Meta Ads
2025-01-12,P120,Electronics,19,52.8200173481826,0,Google Ads
2025-01-12,P101,Electronics,48,116.35144219103083,0,Organic Search
2025-01-12,P106,Electronics,34,71.76668776906118,5,Google Ads
2025-01-12,P116,Furniture,46,48.91042965883083,5,Organic Search
2025-01-12,P119,Furniture,30,17.661828058623037,15,Meta Ads
2025-01-12,P109,Furniture,5,33.19590360743881,0,Email
2025-01-12,P102,Furniture,29,84.32072455536178,0,Google Ads
2025-01-12,P116,Furniture,9,79.23067835460698,0,Meta Ads
2025-01-12,P112,Furniture,41,27.61728801959243,0,Meta Ads
2025-01-12,P105,Furniture,34,104.82336132115576,5,Google Ads
2025-01-12,P112,Furniture,30,66.6196668872674,0,Google Ads
2025-01-19,P105,Home Decor,14,114.66030181709553,10,Meta Ads
2025-01-19,P120,Home Decor,23,67.82930715090922,10,Meta Ads
2025-01-19,P105,Home Decor,20,22.409718477045132,5,Email
2025-01-19,P117,Home Decor,36,113.72417534962055,0,Organic Search
2025-01-19,P118,Home Decor,37,63.116553501609246,0,Meta Ads
2025-01-19,P112,Kitchen,37,83.40590104506774,0,Meta Ads
2025-01-19,P113,Kitchen,6,19.09112889257453,5,Google Ads
2025-01-19,P117,Kitchen,33,103.71190765179273,0,Email
2025-01-19,P102,Kitchen,11,27.40730690027391,5,Google Ads
2025-01-19,P113,Kitchen,40,58.88433333013577,15,Organic Search
2025-01-19,P104,Kitchen,13,74.69462979374563,0,Google Ads
2025-01-19,P103,Kitchen,22,41.25172716769099,0,Meta Ads
2025-01-19,P105,Kitchen,17,92.69041984697432,0,Google Ads
2025-01-19,P117,Kitchen,24,101.77803394131287,0,Meta Ads
2025-01-19,P119,Outdoor,16,115.64685717273582,10,Meta Ads
2025-01-19,P109,Outdoor,18,86.06083996455185,0,Meta Ads
2025-01-19,P115,Outdoor,9,45.78713102829678,0,Google Ads
2025-01-19,P104,Outdoor,20,97.90990499342816,0,Organic Search
2025-01-19,P110,Outdoor,18,72.70053264399223,0,Organic Search
2025-01-19,P111,Outdoor,16,87.2431510683791,10,Email
2025-01-19,P117,Outdoor,11,59.73960487992882,0,Google Ads
2025-01-19,P118,Electronics,6,23.541621967399475,0,Organic Search
2025-01-19,P119,Electronics,49,53.91742544202354,10,Meta Ads
2025-01-19,P107,Electronics,8,51.77291590353292,5,Organic Search
2025-01-19,P119,Electronics,43,59.54331097093251,10,Email
2025-01-19,P107,Electronics,49,16.192132700579002,0,Meta Ads
2025-01-19,P120,Furniture,45,93.14222397904628,5,Google Ads
2025-01-19,P117,Furniture,37,38.47756304454253,15,Google Ads
2025-01-19,P112,Furniture,49,19.531790754810494,10,Organic Search
2025-01-19,P111,Furniture,40,73.15469986213868,15,Organic Search
2025-01-19,P118,Furniture,18,45.92186441814013,15,Google Ads
2025-01-19,P103,Furniture,15,44.50113490718418,15,Organic Search
2025-01-26,P108,Home Decor,40,63.688332518698125,0,Google Ads
2025-01-26,P118,Home Decor,41,117.31145480494749,15,Google Ads
2025-01-26,P117,Home Decor,24,78.29209761244636,0,Google Ads
2025-01-26,P113,Home Decor,10,114.72899089565202,5,Organic Search
2025-01-26,P115,Home Decor,14,112.9364907521714,10,Organic Search
2025-01-26,P113,Home Decor,37,96.64823979219868,0,Google Ads
2025-01-26,P115,Home Decor,25,93.70572149748756,0,Google Ads
2025-01-26,P117,Home Decor,38,18.866296101779096,0,Organic Search
2025-01-26,P116,Kitchen,32,100.35460595865814,15,Google Ads
2025-01-26,P106,Kitchen,27,95.7436785939536,10,Organic Search
2025-01-26,P110,Kitchen,25,62.30713420755982,0,Meta Ads
2025-01-26,P119,Kitchen,8,39.00749457786358,5,Google Ads
2025-01-26,P102,Kitchen,12,17.329397913181673,0,Meta Ads
2025-01-26,P103,Kitchen,16,100.72050219737154,15,Meta Ads
2025-01-26,P117,Kitchen,27,94.28941184573,5,Google Ads
2025-01-26,P102,Kitchen,43,29.319004936610824,0,Organic Search
2025-01-26,P106,Kitchen,22,56.18562473547189,0,Email
2025-01-26,P120,Outdoor,37,97.28356633782002,0,Meta Ads
2025-01-26,P110,Outdoor,9,98.62953644575711,0,Organic Search
2025-01-26,P117,Outdoor,24,63.20925440501744,15,Meta Ads
2025-01-26,P102,Outdoor,47,75.86324311953254,0,Meta Ads
2025-01-26,P115,Outdoor,20,30.949782818790908,0,Google Ads
2025-01-26,P108,Outdoor,8,51.29506474900564,10,Google Ads
2025-01-26,P118,Electronics,23,101.28801686866717,0,Email
2025-01-26,P110,Electronics,25,72.61510746677791,0,Google Ads
2025-01-26,P112,Electronics,38,28.51858182146261,0,Google Ads
2025-01-26,P109,Electronics,26,23.58469835463155,10,Google Ads
2025-01-26,P116,Electronics,30,106.17161623873662,0,Google Ads
2025-01-26,P103,Electronics,19,71.34201782866992,10,Google Ads
2025-01-26,P114,Electronics,27,70.78290416722108,5,Email
2025-01-26,P114,Furniture,11,87.15237806734977,10,Google Ads
2025-01-26,P111,Furniture,49,106.05757301284595,0,Meta Ads
2025-01-26,P119,Furniture,29,92.427546639851,0,Google Ads
2025-01-26,P107,Furniture,43,24.3664545147659,0,Meta Ads
2025-01-26,P117,Furniture,29,86.30574351017141,5,Meta Ads
2025-01-26,P113,Furniture,40,71.39618689094752,0,Meta Ads
2025-02-02,P112,Home Decor,45,50.4319175565514,10,Google Ads
2025-02-02,P102,Home Decor,49,49.68659053449597,10,Google Ads
2025-02-02,P106,Home Decor,8,104.33583937279535,0,Meta Ads
2025-02-02,P109,Home Decor,35,58.09166683391446,15,Google Ads
2025-02-02,P106,Home Decor,32,111.32653937398082,0,Meta Ads
2025-02-02,P106,Kitchen,6,73.46010376646262,0,Email
2025-02-02,P119,Kitchen,9,34.63959359853995,0,Organic Search
2025-02-02,P119,Kitchen,24,40.453021903583426,0,Google Ads
2025-02-02,P114,Kitchen,41,68.14091541773143,10,Google Ads
2025-02-02,P113,Kitchen,37,53.76920055853909,0,Meta Ads
2025-02-02,P110,Outdoor,17,86.8800125273825,0,Organic Search
2025-02-02,P105,Outdoor,13,77.54206776382364,0,Google Ads
2025-02-02,P103,Outdoor,9,102.21503781771156,15,Meta Ads
2025-02-02,P114,Outdoor,15,113.52574796620897,0,Organic Search
2025-02-02,P103,Outdoor,26,20.049937616229208,5,Organic Search
2025-02-02,P111,Outdoor,18,98.95139874654915,10,Email
2025-02-02,P105,Outdoor,18,69.92186960075753,0,Organic Search
2025-02-02,P113,Outdoor,22,100.7429411445156,0,Meta Ads
2025-02-02,P114,Outdoor,42,71.67701150103647,0,Organic Search
2025-02-02,P117,Electronics,6,72.07305041696881,10,Organic Search
2025-02-02,P119,Electronics,10,113.6823729794149,5,Meta Ads
2025-02-02,P108,Electronics,19,107.25605711421102,0,Email
2025-02-02,P107,Electronics,33,30.925862371938873,0,Meta Ads
2025-02-02,P105,Electronics,37,18.520905647256836,0,Email
2025-02-02,P105,Furniture,37,25.806183228135225,0,Organic Search
2025-02-02,P115,Furniture,28,78.41557656761381,0,Organic Search
2025-02-02,P108,Furniture,8,90.83651968127197,5,Google Ads
2025-02-02,P119,Furniture,40,90.19880284695998,0,Email
2025-02-02,P120,Furniture,14,50.96504700374706,0,Google Ads
2025-02-02,P115,Furniture,47,31.10189732718842,0,Google Ads
2025-02-09,P101,Home Decor,47,112.8724196607793,0,Google Ads
2025-02-09,P104,Home Decor,41,89.26005660290686,0,Email
2025-02-09,P109,Home Decor,33,25.945931435439995,10,Meta Ads
2025-02-09,P111,Home Decor,41,118.40832589104512,10,Meta Ads
2025-02-09,P101,Home Decor,44,78.82891134839716,0,Organic Search
2025-02-09,P109,Home Decor,30,50.017413027570136,0,Google Ads
2025-02-09,P111,Kitchen,11,51.430086199103904,5,Organic Search
2025-02-09,P117,Kitchen,48,110.83869360230852,0,Meta Ads
2025-02-09,P107,Kitchen,28,47.70468296893953,5,Google Ads
2025-02-09,P111,Kitchen,32,37.331482355828754,0,Email
2025-02-09,P117,Kitchen,24,58.53553299133749,0,Organic Search
2025-02-09,P108,Outdoor,5,47.543377258204146,0,Meta Ads
2025-02-09,P119,Outdoor,23,51.68563490017996,0,Google Ads
2025-02-09,P117,Outdoor,34,102.83930539569495,0,Google Ads
2025-02-09,P101,Outdoor,6,71.11786858201093,0,Email
2025-02-09,P106,Outdoor,8,34.10245370200347,10,Email
2025-02-09,P107,Outdoor,14,43.42819068007314,5,Email
2025-02-09,P101,Outdoor,32,103.1778302429399,10,Google Ads
2025-02-09,P108,Outdoor,7,39.2628536417475,5,Google Ads
2025-02-09,P108,Outdoor,41,33.74718951570503,5,Google Ads
2025-02-09,P103,Electronics,18,78.33572722858285,10,Google Ads
2025-02-09,P116,Electronics,41,29.813594121659925,0,Meta Ads
2025-02-09,P116,Electronics,14,23.978395739719147,0,Google Ads
2025-02-09,P119,Electronics,23,76.21936390181767,0,Google Ads
2025-02-09,P102,Electronics,9,50.89082192827698,0,Organic Search
2025-02-09,P102,Electronics,16,102.21872318935122,0,Meta Ads
2025-02-09,P102,Furniture,39,114.58759723102645,5,Organic Search
2025-02-09,P117,Furniture,27,98.9848018744681,0,Organic Search
2025-02-09,P119,Furniture,13,71.87159253939103,5,Meta Ads
2025-02-09,P107,Furniture,26,102.66767486392641,15,Google Ads
2025-02-09,P113,Furniture,41,16.931021037484008,10,Email
2025-02-16,P110,Home Decor,42,22.05341699114956,0,Meta Ads
2025-02-16,P106,Home Decor,27,26.190766663510807,0,Organic Search
2025-02-16,P106,Home Decor,38,78.05427034553361,5,Email
2025-02-16,P107,Home Decor,21,58.970905113667676,0,Meta Ads
2025-02-16,P114,Home Decor,47,34.358946671291136,0,Google Ads
2025-02-16,P119,Home Decor,25,102.89329402381809,0,Google Ads
2025-02-16,P104,Home Decor,43,79.09249003583555,10,Email
2025-02-16,P115,Home Decor,26,91.92007020707628,0,Organic Search
2025-02-16,P104,Home Decor,23,77.48318272352677,0,Meta Ads
2025-02-16,P113,Kitchen,13,95.94578139331131,0,Google Ads
2025-02-16,P109,Kitchen,5,67.02658820165084,5,Meta Ads
2025-02-16,P110,Kitchen,39,101.00574335579097,5,Meta Ads
2025-02-16,P112,Kitchen,42,76.97422002125415,0,Organic Search
2025-02-16,P112,Kitchen,21,114.77492215118426,0,Organic Search
2025-02-16,P115,Kitchen,20,106.65931276702287,5,Google Ads
2025-02-16,P117,Kitchen,20,104.16554341435852,0,Email
2025-02-16,P112,Outdoor,30,20.41755969916455,5,Google Ads
2025-02-16,P110,Outdoor,21,33.96041123837002,0,Meta Ads
2025-02-16,P107,Outdoor,11,46.22164577411783,10,Google Ads
2025-02-16,P118,Outdoor,33,64.7924927490337,10,Meta Ads
2025-02-16,P107,Outdoor,46,82.67739831571133,5,Meta Ads
2025-02-16,P112,Electronics,38,107.92482743494452,0,Google Ads
2025-02-16,P112,Electronics,8,98.02593230809117,0,Meta Ads
2025-02-16,P118,Electronics,49,79.66563475914198,0,Meta Ads
2025-02-16,P103,Electronics,34,15.02493997546788,0,Organic Search
2025-02-16,P118,Electronics,39,22.35311910348446,0,Organic Search
2025-02-16,P117,Electronics,48,80.88807363792885,10,Meta Ads
2025-02-16,P115,Electronics,34,58.86551212757004,0,Meta Ads
2025-02-16,P101,Furniture,7,64.06763048645352,0,Google Ads
2025-02-16,P118,Furniture,41,19.419784911818,0,Google Ads
2025-02-16,P114,Furniture,19,55.354297951766576,5,Google Ads
2025-02-16,P112,Furniture,41,97.56622651363297,0,Organic Search
2025-02-16,P106,Furniture,28,64.07715868123631,5,Organic Search
2025-02-16,P107,Furniture,12,113.9868362841882,5,Organic Search
2025-02-16,P119,Furniture,14,19.929262500520366,0,Meta Ads
2025-02-16,P109,Furniture,7,101.75159805836641,10,Google Ads
2025-02-16,P115,Furniture,13,112.41398973549737,15,Google Ads
2025-02-23,P110,Home Decor,22,88.08216489564819,0,Meta Ads
2025-02-23,P103,Home Decor,29,77.25869315837883,0,Google Ads
2025-02-23,P102,Home Decor,7,43.660734359913064,0,Meta Ads
2025-02-23,P103,Home Decor,16,18.71934868394723,0,Organic Search
2025-02-23,P105,Home Decor,38,57.88758737242336,0,Email
2025-02-23,P108,Home Decor,30,70.92326453708002,15,Email
2025-02-23,P116,Home Decor,9,119.10491019023006,0,Email
2025-02-23,P113,Home Decor,33,110.1839405416809,0,Meta Ads
2025-02-23,P108,Home Decor,31,105.7717524322716,5,Email
2025-02-23,P116,Kitchen,37,31.52076926876523,0,Email
2025-02-23,P113,Kitchen,29,112.65948680352255,0,Organic Search
2025-02-23,P106,Kitchen,9,107.49142971588749,10,Google Ads
2025-02-23,P119,Kitchen,46,28.531336084711747,0,Organic Search
2025-02-23,P107,Kitchen,40,73.39908217917448,5,Google Ads
2025-02-23,P112,Kitchen,36,23.83031356913839,0,Google Ads
2025-02-23,P109,Kitchen,35,54.55301300861387,0,Email
2025-02-23,P103,Outdoor,23,94.90792976271294,0,Google Ads
2025-02-23,P102,Outdoor,19,112.86295107855183,0,Meta Ads
2025-02-23,P104,Outdoor,40,22.12289120604305,0,Google Ads
2025-02-23,P117,Outdoor,21,76.1278983185087,0,Email
2025-02-23,P118,Outdoor,33,61.82562223608375,5,Organic Search
2025-02-23,P120,Outdoor,11,21.89074518027136,10,Email
2025-02-23,P115,Outdoor,15,86.74601454368305,0,Meta Ads
2025-02-23,P114,Outdoor,8,59.74903673477716,0,Meta Ads
2025-02-23,P107,Outdoor,33,87.83663370705631,0,Meta Ads
2025-02-23,P115,Electronics,26,28.790188272984697,10,Email
2025-02-23,P112,Electronics,33,114.07967161759788,0,Google Ads
2025-02-23,P120,Electronics,9,118.31765303578196,0,Meta Ads
2025-02-23,P106,Electronics,39,18.269078702873692,5,Google Ads
2025-02-23,P112,Electronics,48,64.6870402026135,15,Meta Ads
2025-02-23,P114,Electronics,33,96.54266954313289,5,Google Ads
2025-02-23,P120,Furniture,33,28.780712156650694,0,Google Ads
2025-02-23,P103,Furniture,19,65.55984690881776,0,Google Ads
2025-02-23,P117,Furniture,24,60.18211896444358,0,Email
2025-02-23,P102,Furniture,15,118.35689777730491,0,Email
2025-02-23,P118,Furniture,22,65.39357764529797,5,Email
2025-02-23,P111,Furniture,37,115.02810699406528,10,Email
2025-03-02,P119,Home Decor,21,25.7932024717299,0,Google Ads
2025-03-02,P115,Home Decor,26,37.0867058914812,0,Meta Ads
2025-03-02,P108,Home Decor,37,69.3597225553947,0,Google Ads
2025-03-02,P113,Home Decor,17,23.250742201277177,0,Google Ads
2025-03-02,P102,Home Decor,30,87.3938217594129,10,Organic Search
2025-03-02,P102,Home Decor,48,25.979623235112026,5,Google Ads
2025-03-02,P103,Home Decor,13,113.30228585558743,0,Organic Search
2025-03-02,P118,Kitchen,12,89.97912787390491,10,Organic Search
2025-03-02,P115,Kitchen,11,84.38611242142132,0,Organic Search
2025-03-02,P106,Kitchen,30,65.4949023021434,0,Organic Search
2025-03-02,P110,Kitchen,22,21.3369688190092,0,Meta Ads
2025-03-02,P113,Kitchen,23,117.46585186100879,0,Meta Ads
2025-03-02,P119,Outdoor,10,90.5161867185877,0,Google Ads
2025-03-02,P109,Outdoor,32,35.95195734756024,5,Meta Ads
2025-03-02,P115,Outdoor,16,33.290300340716634,15,Google Ads
2025-03-02,P120,Outdoor,32,53.959070113383284,15,Email
2025-03-02,P118,Outdoor,36,76.74612969945832,0,Organic Search
2025-03-02,P102,Outdoor,6,77.76097435186576,5,Meta Ads
2025-03-02,P107,Outdoor,16,55.30395094611861,0,Google Ads
2025-03-02,P115,Outdoor,30,90.1616212916193,10,Google Ads
2025-03-02,P110,Outdoor,18,68.82459654660954,0,Google Ads
2025-03-02,P109,Electronics,18,69.05582216261746,0,Google Ads
2025-03-02,P102,Electronics,21,56.063561348434874,15,Google Ads
2025-03-02,P102,Electronics,9,49.144956743592964,5,Organic Search
2025-03-02,P104,Electronics,35,39.78529865137872,0,Organic Search
2025-03-02,P114,Electronics,33,50.38533352528506,10,Meta Ads
2025-03-02,P101,Electronics,12,79.80022359342315,5,Meta Ads
2025-03-02,P120,Electronics,47,92.32221158189225,5,Meta Ads
2025-03-02,P105,Electronics,48,61.868707883821486,10,Email
2025-03-02,P106,Electronics,24,43.323709209283905,0,Google Ads
2025-03-02,P120,Furniture,5,27.821540971052812,0,Google Ads
2025-03-02,P105,Furniture,18,87.26182591599252,0,Google Ads
2025-03-02,P118,Furniture,47,16.824877969475363,0,Organic Search
2025-03-02,P107,Furniture,47,66.32889092697661,5,Meta Ads
2025-03-02,P120,Furniture,49,30.07194801413625,10,Google Ads
2025-03-02,P108,Furniture,5,91.73709486144202,0,Organic Search
2025-03-02,P106,Furniture,26,41.80718509648534,5,Organic Search
2025-03-02,P111,Furniture,22,79.87396022112745,10,Email
2025-03-02,P108,Furniture,31,112.74961302823267,5,Email
2025-03-09,P101,Home Decor,20,101.81808278974712,5,Google Ads
2025-03-09,P109,Home Decor,32,31.72518175049454,5,Google Ads
2025-03-09,P109,Home Decor,29,106.42911228541222,5,Organic Search
2025-03-09,P113,Home Decor,15,107.24413393664153,0,Google Ads
2025-03-09,P114,Home Decor,23,99.82382390383215,5,Organic Search
2025-03-09,P119,Kitchen,5,27.621950813913884,0,Organic Search
2025-03-09,P115,Kitchen,11,74.16108737158817,0,Email
2025-03-09,P101,Kitchen,39,38.863310862630904,0,Google Ads
2025-03-09,P103,Kitchen,18,80.04648633100952,0,Google Ads
2025-03-09,P103,Kitchen,12,69.50358743930289,0,Meta Ads
2025-03-09,P112,Outdoor,41,40.83731417378982,0,Google Ads
2025-03-09,P111,Outdoor,10,93.42195019426138,5,Email
2025-03-09,P111,Outdoor,27,60.240519611493504,10,Google Ads
2025-03-09,P115,Outdoor,15,54.90782343840655,0,Google Ads
2025-03-09,P113,Outdoor,38,32.46481881302992,5,Meta Ads
2025-03-09,P120,Outdoor,33,99.31771927242966,0,Email
2025-03-09,P116,Outdoor,34,90.19582079343533,0,Google Ads
2025-03-09,P104,Outdoor,34,34.020681701141434,5,Organic Search
2025-03-09,P110,Outdoor,35,89.44985748085543,0,Email
2025-03-09,P110,Electronics,24,65.7722929055921,10,Organic Search
2025-03-09,P101,Electronics,49,81.48089443737234,15,Meta Ads
2025-03-09,P109,Electronics,19,79.15300382935413,0,Email
2025-03-09,P110,Electronics,20,73.44689108335531,0,Organic Search
2025-03-09,P104,Electronics,23,104.37329738954094,5,Google Ads
2025-03-09,P118,Electronics,14,62.43560626740906,0,Email
2025-03-09,P103,Furniture,37,37.757679009531444,0,Organic Search
2025-03-09,P116,Furniture,39,78.74487378932199,0,Meta Ads
2025-03-09,P110,Furniture,17,77.42001519454817,0,Google Ads
2025-03-09,P102,Furniture,11,87.99017817499735,0,Google Ads
2025-03-09,P107,Furniture,15,119.08187933872978,0,Email
2025-03-16,P104,Home Decor,46,110.08010319461576,5,Email
2025-03-16,P104,Home Decor,37,77.55382645984045,0,Google Ads
2025-03-16,P101,Home Decor,45,79.80135725654291,0,Google Ads
2025-03-16,P102,Home Decor,48,39.539768600595465,0,Email
2025-03-16,P106,Home Decor,7,70.96056758789021,0,Meta Ads
2025-03-16,P103,Home Decor,6,119.38463292822259,5,Google Ads
2025-03-16,P117,Home Decor,27,63.84658928979041,0,Organic Search
2025-03-16,P104,Kitchen,33,87.45051353616991,0,Organic Search
2025-03-16,P116,Kitchen,34,62.288948307109436,5,Meta Ads
2025-03-16,P117,Kitchen,12,98.52224588292157,10,Meta Ads
2025-03-16,P113,Kitchen,44,17.10276737221157,5,Google Ads
2025-03-16,P112,Kitchen,34,69.70058761356444,5,Google Ads
2025-03-16,P118,Kitchen,36,28.409915781699656,10,Email
2025-03-16,P106,Kitchen,18,27.353147989723656,0,Google Ads
2025-03-16,P113,Kitchen,25,51.36378570184537,0,Meta Ads
2025-03-16,P111,Outdoor,27,113.95063700573448,10,Organic Search
2025-03-16,P106,Outdoor,47,75.33167514336549,0,Organic Search
2025-03-16,P120,Outdoor,46,71.67192496979399,5,Google Ads
2025-03-16,P110,Outdoor,10,29.83419517392811,0,Organic Search
2025-03-16,P114,Outdoor,25,17.403851622492624,0,Google Ads
2025-03-16,P118,Electronics,22,82.30206812125986,10,Organic Search
2025-03-16,P101,Electronics,18,29.615792584840634,10,Organic Search
2025-03-16,P114,Electronics,7,115.04374039813591,10,Google Ads
2025-03-16,P113,Electronics,12,65.21457242004759,0,Meta Ads
2025-03-16,P115,Electronics,16,116.41132692108809,0,Organic Search
2025-03-16,P113,Electronics,24,61.14872730645556,0,Organic Search
2025-03-16,P106,Electronics,47,80.0567352642721,5,Google Ads
2025-03-16,P119,Furniture,38,63.27904449577862,0,Meta Ads
2025-03-16,P111,Furniture,35,87.97869903014808,15,Email
2025-03-16,P119,Furniture,25,27.745418639355034,0,Google Ads
2025-03-16,P119,Furniture,20,21.540638803656584,0,Google Ads
2025-03-16,P107,Furniture,41,79.59804101425614,0,Google Ads
2025-03-16,P120,Furniture,42,59.738755308489004,0,Email
2025-03-16,P120,Furniture,39,53.61473184211541,0,Meta Ads
2025-03-23,P105,Home Decor,6,29.049392309346317,0,Google Ads
2025-03-23,P106,Home Decor,14,86.50235686001568,0,Google Ads
2025-03-23,P105,Home Decor,25,102.60185342525058,5,Google Ads
2025-03-23,P118,Home Decor,36,66.22467461226805,0,Google Ads
2025-03-23,P111,Home Decor,30,28.355975082182205,10,Meta Ads
2025-03-23,P116,Home Decor,44,100.12202243855796,5,Email
2025-03-23,P106,Home Decor,46,108.66889233872462,15,Meta Ads
2025-03-23,P117,Home Decor,45,87.25414413908693,0,Email
2025-03-23,P101,Home Decor,44,63.455133785597084,5,Organic Search
2025-03-23,P108,Kitchen,12,38.83129290836324,10,Organic Search
2025-03-23,P113,Kitchen,36,118.76890345501378,0,Google Ads
2025-03-23,P108,Kitchen,27,90.21395574658163,0,Google Ads
2025-03-23,P103,Kitchen,9,68.40082539199574,0,Google Ads
2025-03-23,P114,Kitchen,19,113.94311591568525,5,Organic Search
2025-03-23,P119,Kitchen,9,72.70968459048707,10,Google Ads
2025-03-23,P106,Outdoor,32,109.38458652065472,5,Google Ads
2025-03-23,P108,Outdoor,6,85.07179179487498,0,Email
2025-03-23,P104,Outdoor,18,22.271702160015295,15,Email
2025-03-23,P118,Outdoor,40,45.74631385360129,15,Meta Ads
2025-03-23,P113,Outdoor,35,69.68065489259234,5,Meta Ads
2025-03-23,P102,Outdoor,19,26.63483602887974,0,Google Ads
2025-03-23,P108,Electronics,29,32.186799153856654,0,Meta Ads
2025-03-23,P120,Electronics,36,67.08502306138809,0,Google Ads
2025-03-23,P103,Electronics,34,105.44384961816078,10,Email
2025-03-23,P109,Electronics,25,94.27940251835922,0,Meta Ads
2025-03-23,P108,Electronics,11,33.96243280840659,0,Email
2025-03-23,P113,Furniture,33,86.9562916921667,0,Google Ads
2025-03-23,P118,Furniture,27,103.273817941176,5,Google Ads
2025-03-23,P111,Furniture,37,68.3778574262094,0,Email
2025-03-23,P119,Furniture,34,106.69890616538481,5,Google Ads
2025-03-23,P105,Furniture,46,73.59444414064154,10,Google Ads
2025-03-23,P112,Furniture,5,44.17972021113113,0,Email
2025-03-23,P110,Furniture,29,73.28391967674006,5,Email
2025-03-30,P102,Home Decor,17,71.5630450710191,0,Meta Ads
2025-03-30,P110,Home Decor,16,93.30204718677938,0,Email
2025-03-30,P102,Home Decor,24,49.32781971549831,0,Email
2025-03-30,P106,Home Decor,41,28.094975975696002,0,Organic Search
2025-03-30,P104,Home Decor,28,37.80695525757711,0,Email
2025-03-30,P106,Home Decor,44,33.72912135226963,0,Meta Ads
2025-03-30,P114,Home Decor,49,24.764017181428876,0,Meta Ads
2025-03-30,P114,Kitchen,41,75.89829767995379,0,Email
2025-03-30,P104,Kitchen,28,86.02913340876803,10,Google Ads
2025-03-30,P119,Kitchen,23,21.147847570617817,0,Meta Ads
2025-03-30,P106,Kitchen,40,69.31325092636898,0,Google Ads
2025-03-30,P104,Kitchen,37,24.30304511635981,0,Google Ads
2025-03-30,P115,Kitchen,49,33.21540779792551,5,Organic Search
2025-03-30,P120,Kitchen,31,87.02068346023569,15,Email
2025-03-30,P111,Kitchen,30,76.71578289053082,0,Email
2025-03-30,P110,Outdoor,17,88.52645574167471,0,Meta Ads
2025-03-30,P113,Outdoor,49,97.17110368439049,0,Email
2025-03-30,P103,Outdoor,9,103.40302451313991,0,Meta Ads
2025-03-30,P117,Outdoor,9,89.13199580472258,5,Meta Ads
2025-03-30,P107,Outdoor,39,60.86932377459385,5,Organic Search
2025-03-30,P106,Outdoor,48,29.21217863915698,5,Google Ads
2025-03-30,P104,Outdoor,28,20.990745720881705,0,Google Ads
2025-03-30,P107,Outdoor,32,97.64829327316842,15,Google Ads
2025-03-30,P116,Outdoor,46,103.70289081003224,0,Email
2025-03-30,P113,Electronics,47,21.578586362812224,10,Organic Search
2025-03-30,P104,Electronics,31,51.47104925717848,10,Meta Ads
2025-03-30,P118,Electronics,15,116.15641559242279,0,Email
2025-03-30,P107,Electronics,30,58.973298502786946,0,Meta Ads
2025-03-30,P105,Electronics,22,30.22133259988079,5,Organic Search
2025-03-30,P117,Furniture,29,114.43877871256592,15,Meta Ads
2025-03-30,P109,Furniture,8,58.888943056400855,0,Google Ads
2025-03-30,P101,Furniture,38,57.41767701428756,0,Meta Ads
2025-03-30,P107,Furniture,21,79.35451689050467,0,Email
2025-03-30,P102,Furniture,25,29.800760889785774,5,Meta Ads
2025-03-30,P102,Furniture,20,58.235381866373395,5,Google Ads
2025-03-30,P112,Furniture,44,26.753272337260682,0,Google Ads
2025-03-30,P103,Furniture,36,42.15518766324407,0,Google Ads
2025-03-30,P104,Furniture,26,16.88429624969164,0,Email
2025-04-06,P114,Home Decor,45,73.81913712936574,5,Google Ads
2025-04-06,P117,Home Decor,29,24.88595056319828,0,Google Ads
2025-04-06,P112,Home Decor,39,26.074738495446212,5,Meta Ads
2025-04-06,P118,Home Decor,9,116.27004865958521,0,Google Ads
2025-04-06,P110,Home Decor,32,94.53559790288882,0,Google Ads
2025-04-06,P108,Home Decor,19,111.08445718273954,0,Email
2025-04-06,P110,Home Decor,10,98.29244179601672,0,Meta Ads
2025-04-06,P103,Home Decor,31,44.07497117466994,15,Meta Ads
2025-04-06,P101,Kitchen,12,108.86891955082639,5,Google Ads
2025-04-06,P111,Kitchen,34,79.60629263232921,0,Meta Ads
2025-04-06,P109,Kitchen,20,118.78367888826804,0,Organic Search
2025-04-06,P113,Kitchen,32,107.60241462198762,0,Meta Ads
2025-04-06,P105,Kitchen,37,18.083236705751194,10,Meta Ads
2025-04-06,P105,Outdoor,32,105.10859058150221,10,Organic Search
2025-04-06,P118,Outdoor,48,118.74688449854128,10,Google Ads
2025-04-06,P112,Outdoor,25,41.703808023723255,10,Meta Ads
2025-04-06,P112,Outdoor,30,40.65569378257895,0,Meta Ads
2025-04-06,P101,Outdoor,38,51.533848216127495,0,Google Ads
2025-04-06,P111,Outdoor,26,92.4972579505443,10,Email
2025-04-06,P103,Electronics,20,26.166091256856333,0,Google Ads
2025-04-06,P115,Electronics,13,83.8046530176241,15,Google Ads
2025-04-06,P103,Electronics,29,37.630636223089844,0,Email
2025-04-06,P103,Electronics,18,109.87882365641349,0,Email
2025-04-06,P109,Electronics,17,109.37897575892598,5,Email
2025-04-06,P106,Electronics,27,32.75351238737922,0,Email
2025-04-06,P114,Electronics,40,55.06925368605601,0,Meta Ads
2025-04-06,P114,Furniture,29,59.25162436582098,0,Meta Ads
2025-04-06,P106,Furniture,23,117.14151390366901,10,Google Ads
2025-04-06,P119,Furniture,24,118.0888627923659,5,Organic Search
2025-04-06,P109,Furniture,23,106.63915315444343,0,Meta Ads
2025-04-06,P106,Furniture,40,25.136119370521286,0,Google Ads
2025-04-06,P101,Furniture,29,101.57615484913838,0,Meta Ads
2025-04-06,P109,Furniture,34,77.87487112026659,0,Google Ads
2025-04-13,P108,Home Decor,26,108.69176230466348,0,Organic Search
2025-04-13,P116,Home Decor,34,60.06417230661747,0,Google Ads
2025-04-13,P114,Home Decor,25,21.682295475097447,10,Organic Search
2025-04-13,P103,Home Decor,13,110.5108160408422,5,Meta Ads
2025-04-13,P117,Home Decor,36,75.03609696507382,0,Google Ads
2025-04-13,P115,Home Decor,16,63.765489803681994,0,Google Ads
2025-04-13,P119,Home Decor,33,32.91110071349445,10,Organic Search
2025-04-13,P106,Home Decor,33,82.1585839236566,5,Meta Ads
2025-04-13,P104,Kitchen,49,116.93045167985221,0,Meta Ads
2025-04-13,P102,Kitchen,45,68.15793624699629,5,Meta Ads
2025-04-13,P106,Kitchen,22,52.994574786539566,0,Organic Search
2025-04-13,P108,Kitchen,46,117.01093254461031,0,Google Ads
2025-04-13,P117,Kitchen,18,79.13190746295567,0,Email
2025-04-13,P117,Kitchen,42,104.68427975330295,0,Meta Ads
2025-04-13,P108,Kitchen,37,50.58036818056892,10,Google Ads
2025-04-13,P117,Kitchen,46,45.816326436852776,10,Google Ads
2025-04-13,P105,Outdoor,21,26.953031315043148,0,Google Ads
2025-04-13,P107,Outdoor,43,66.82239093571246,5,Meta Ads
2025-04-13,P119,Outdoor,49,56.43048793775287,0,Meta Ads
2025-04-13,P112,Outdoor,49,78.8300474795239,0,Organic Search
2025-04-13,P113,Outdoor,32,101.22581966777379,0,Email
2025-04-13,P114,Electronics,49,102.10669347085128,0,Google Ads
2025-04-13,P120,Electronics,6,84.8556707076958,10,Email
2025-04-13,P104,Electronics,23,77.61375948033867,0,Meta Ads
2025-04-13,P117,Electronics,19,93.73433026582896,0,Google Ads
2025-04-13,P109,Electronics,15,77.86270224350523,0,Email
2025-04-13,P119,Electronics,43,106.73835231396623,5,Organic Search
2025-04-13,P102,Electronics,7,71.06658461751519,0,Meta Ads
2025-04-13,P109,Furniture,39,62.12957252584437,0,Meta Ads
2025-04-13,P115,Furniture,25,99.84237614018807,0,Google Ads
2025-04-13,P106,Furniture,47,60.14276312596555,5,Organic Search
2025-04-13,P109,Furniture,34,61.87404922216613,5,Meta Ads
2025-04-13,P103,Furniture,48,111.24669976332677,0,Meta Ads
2025-04-20,P116,Home Decor,40,56.26229366125558,0,Google Ads
2025-04-20,P102,Home Decor,41,82.80275356003929,0,Google Ads
2025-04-20,P101,Home Decor,24,50.67572685086738,0,Meta Ads
2025-04-20,P118,Home Decor,47,55.516822803987175,5,Email
2025-04-20,P111,Home Decor,42,103.94964641784743,0,Meta Ads
2025-04-20,P116,Home Decor,16,73.76728670798369,0,Google Ads
2025-04-20,P117,Home Decor,9,38.99110840925093,15,Google Ads
2025-04-20,P111,Kitchen,30,19.094581320365716,0,Google Ads
2025-04-20,P110,Kitchen,10,94.40242946476857,0,Meta Ads
2025-04-20,P110,Kitchen,41,115.37147704030852,0,Organic Search
2025-04-20,P106,Kitchen,13,118.32138213709875,0,Email
2025-04-20,P115,Kitchen,21,55.478749997376845,0,Google Ads
2025-04-20,P104,Kitchen,45,73.13970596259117,0,Organic Search
2025-04-20,P119,Kitchen,38,42.23016421829492,0,Meta Ads
2025-04-20,P114,Outdoor,25,116.47382551597278,0,Email
2025-04-20,P119,Outdoor,28,119.96994943637097,0,Google Ads
2025-04-20,P102,Outdoor,21,92.13068192774838,0,Meta Ads
2025-04-20,P119,Outdoor,25,30.53833547341265,10,Google Ads
2025-04-20,P105,Outdoor,23,28.899099798672108,0,Meta Ads
2025-04-20,P111,Electronics,16,18.988064145434613,5,Meta Ads
2025-04-20,P107,Electronics,21,86.47936876085099,0,Google Ads
2025-04-20,P112,Electronics,23,68.85475369545574,0,Organic Search
2025-04-20,P120,Electronics,40,45.00727333021637,0,Organic Search
2025-04-20,P115,Electronics,21,105.88560029057798,15,Email
2025-04-20,P118,Electronics,8,99.69188094425908,0,Meta Ads
2025-04-20,P108,Furniture,21,82.2208227137605,0,Organic Search
2025-04-20,P108,Furniture,42,41.8849943360202,0,Google Ads
2025-04-20,P115,Furniture,35,92.07312507187716,5,Email
2025-04-20,P111,Furniture,14,29.115688587852794,0,Organic Search
2025-04-20,P116,Furniture,45,44.26978660352807,0,Organic Search
2025-04-27,P115,Home Decor,12,119.43810736379977,0,Organic Search
2025-04-27,P107,Home Decor,40,102.58518268507096,5,Google Ads
2025-04-27,P105,Home Decor,12,95.7368921213023,5,Google Ads
2025-04-27,P101,Home Decor,6,25.962433623548552,0,Organic Search
2025-04-27,P102,Home Decor,8,57.7461813581909,0,Google Ads
2025-04-27,P108,Kitchen,17,114.50724272626942,0,Google Ads
2025-04-27,P119,Kitchen,20,86.58360762946693,0,Meta Ads
2025-04-27,P102,Kitchen,20,65.21728784049847,0,Email
2025-04-27,P113,Kitchen,35,39.400353920885024,0,Email
2025-04-27,P108,Kitchen,31,17.312826728500784,0,Google Ads
2025-04-27,P107,Kitchen,45,38.02376600200695,0,Google Ads
2025-04-27,P119,Kitchen,29,27.906671238865695,10,Meta Ads
2025-04-27,P110,Outdoor,24,86.67480822845725,0,Organic Search
2025-04-27,P114,Outdoor,28,45.446862489078946,0,Organic Search
2025-04-27,P104,Outdoor,27,90.66879025472689,0,Google Ads
2025-04-27,P114,Outdoor,38,90.78076303530382,0,Organic Search
2025-04-27,P117,Outdoor,35,34.84915009639083,5,Meta Ads
2025-04-27,P118,Outdoor,42,109.05130622224814,0,Google Ads
2025-04-27,P106,Electronics,33,112.74317406638488,10,Google Ads
2025-04-27,P111,Electronics,31,105.98753808365412,0,Google Ads
2025-04-27,P118,Electronics,17,59.35037482935212,0,Organic Search
2025-04-27,P112,Electronics,21,87.13702298284049,0,Email
2025-04-27,P101,Electronics,29,88.90499462160477,0,Organic Search
2025-04-27,P111,Furniture,37,44.23613786629563,0,Email
2025-04-27,P104,Furniture,34,43.241643317515525,0,Email
2025-04-27,P119,Furniture,46,26.004846824745073,0,Email
2025-04-27,P107,Furniture,45,64.97661175622386,0,Meta Ads
2025-04-27,P114,Furniture,45,20.497277119684604,5,Email
2025-04-27,P118,Furniture,40,104.28654011758901,0,Meta Ads
2025-04-27,P109,Furniture,26,37.65277131352768,5,Organic Search
2025-04-27,P113,Furniture,13,29.343094883373126,5,Google Ads
2025-04-27,P118,Furniture,10,82.70742342234294,0,Email
2025-05-04,P104,Home Decor,47,53.61752871439605,0,Google Ads
2025-05-04,P110,Home Decor,14,16.542805808770154,0,Meta Ads
2025-05-04,P102,Home Decor,40,114.6288253622687,0,Google Ads
2025-05-04,P103,Home Decor,21,110.13691799706835,0,Meta Ads
2025-05-04,P111,Home Decor,30,86.14193808319008,0,Organic Search
2025-05-04,P116,Kitchen,44,28.80941802621968,10,Email
2025-05-04,P110,Kitchen,34,53.61203333453654,0,Email
2025-05-04,P107,Kitchen,29,96.17989676146051,0,Google Ads
2025-05-04,P120,Kitchen,16,15.142130700124156,0,Email
2025-05-04,P104,Kitchen,40,103.94138683330945,0,Meta Ads
2025-05-04,P111,Kitchen,27,96.93949297495294,0,Organic Search
2025-05-04,P104,Kitchen,33,38.96471316683841,0,Organic Search
2025-05-04,P113,Kitchen,27,85.52243956233313,0,Email
2025-05-04,P105,Outdoor,24,72.1706449440276,15,Meta Ads
2025-05-04,P109,Outdoor,30,35.562473834098355,0,Google Ads
2025-05-04,P110,Outdoor,23,30.431084506762016,10,Meta Ads
2025-05-04,P108,Outdoor,35,85.7836810312866,0,Organic Search
2025-05-04,P117,Outdoor,42,45.502973095499144,0,Organic Search
2025-05-04,P114,Electronics,9,67.21780684774211,0,Google Ads
2025-05-04,P101,Electronics,31,94.91427213250694,0,Organic Search
2025-05-04,P114,Electronics,42,112.50933013656271,5,Google Ads
2025-05-04,P114,Electronics,17,63.152784068953196,0,Meta Ads
2025-05-04,P106,Electronics,48,109.25584063118545,5,Meta Ads
2025-05-04,P116,Furniture,15,56.145121122953284,5,Organic Search
2025-05-04,P109,Furniture,39,67.31478005242366,0,Google Ads
2025-05-04,P112,Furniture,29,111.53567748013063,0,Google Ads
2025-05-04,P106,Furniture,30,16.489955186555555,10,Email
2025-05-04,P102,Furniture,47,69.75326206575456,15,Email
2025-05-11,P110,Home Decor,36,47.549993403037874,0,Meta Ads
2025-05-11,P111,Home Decor,24,74.3339578075394,5,Email
2025-05-11,P112,Home Decor,14,97.36419009035886,0,Google Ads
2025-05-11,P110,Home Decor,25,38.31796642279866,0,Organic Search
2025-05-11,P102,Home Decor,31,41.651213206452965,0,Meta Ads
2025-05-11,P103,Home Decor,49,27.442775477805913,0,Organic Search
2025-05-11,P102,Home Decor,36,68.83562602032595,0,Organic Search
2025-05-11,P103,Home Decor,34,111.4347753752679,15,Meta Ads
2025-05-11,P114,Home Decor,49,41.355145242541525,0,Email
2025-05-11,P118,Kitchen,5,35.11725930215671,10,Email
2025-05-11,P120,Kitchen,15,93.93607816910479,0,Google Ads
2025-05-11,P101,Kitchen,38,86.35274234906038,0,Google Ads
2025-05-11,P104,Kitchen,15,74.1490874134699,0,Meta Ads
2025-05-11,P112,Kitchen,23,30.10050678305544,0,Email
2025-05-11,P107,Kitchen,9,59.04203936551792,5,Organic Search
2025-05-11,P110,Kitchen,49,77.06868184214423,0,Organic Search
2025-05-11,P116,Outdoor,32,81.78445922189667,0,Organic Search
2025-05-11,P115,Outdoor,5,57.98826754078692,10,Organic Search
2025-05-11,P108,Outdoor,40,87.8298960347485,5,Google Ads
2025-05-11,P110,Outdoor,38,106.96772376929098,0,Organic Search
2025-05-11,P120,Outdoor,9,56.1415161447675,0,Meta Ads
2025-05-11,P109,Outdoor,10,20.73661410010209,15,Google Ads
2025-05-11,P107,Outdoor,25,46.91396378677787,0,Google Ads
2025-05-11,P115,Electronics,16,38.550815744929736,5,Google Ads
2025-05-11,P115,Electronics,17,59.37606568642896,0,Meta Ads
2025-05-11,P105,Electronics,31,43.50105065159102,0,Email
2025-05-11,P116,Electronics,40,118.41013229005996,5,Organic Search
2025-05-11,P108,Electronics,35,94.15211855976796,0,Email
2025-05-11,P102,Electronics,13,43.22890795754855,5,Email
2025-05-11,P117,Electronics,29,28.64384408813383,0,Email
2025-05-11,P101,Furniture,40,117.10409989921085,0,Email
2025-05-11,P102,Furniture,36,25.31467417985345,10,Email
2025-05-11,P115,Furniture,43,104.29951954988796,0,Email
2025-05-11,P102,Furniture,33,29.927896903909033,0,Organic Search
2025-05-11,P120,Furniture,7,27.48181107359256,5,Organic Search
2025-05-18,P101,Home Decor,30,32.11871037781705,5,Meta Ads
2025-05-18,P104,Home Decor,23,97.12798262458085,0,Meta Ads
2025-05-18,P114,Home Decor,18,103.54419954832225,0,Email
2025-05-18,P119,Home Decor,37,116.53870390189535,0,Email
2025-05-18,P101,Home Decor,20,105.57724947066379,0,Meta Ads
2025-05-18,P103,Home Decor,20,28.830078000804825,10,Organic Search
2025-05-18,P120,Home Decor,48,45.454780856055876,10,Email
2025-05-18,P119,Home Decor,12,41.299129373212395,5,Meta Ads
2025-05-18,P103,Home Decor,23,80.9393051734303,0,Organic Search
2025-05-18,P101,Kitchen,15,35.09990645245196,0,Meta Ads
2025-05-18,P106,Kitchen,32,57.475375485256315,0,Meta Ads
2025-05-18,P101,Kitchen,45,86.97160773829967,0,Google Ads
2025-05-18,P102,Kitchen,43,114.16710118290186,5,Google Ads
2025-05-18,P107,Kitchen,18,97.0045688295741,5,Email
2025-05-18,P120,Kitchen,22,113.83360706539442,10,Google Ads
2025-05-18,P108,Kitchen,33,117.5959444704152,0,Google Ads
2025-05-18,P105,Kitchen,45,92.47792340763365,5,Organic Search
2025-05-18,P117,Outdoor,16,22.77443288079654,5,Meta Ads
2025-05-18,P102,Outdoor,20,81.22354947167243,0,Meta Ads
2025-05-18,P106,Outdoor,47,77.51276443215343,0,Organic Search
2025-05-18,P115,Outdoor,31,60.18934871753329,5,Organic Search
2025-05-18,P119,Outdoor,6,43.077212925041835,0,Email
2025-05-18,P106,Electronics,14,62.322079868585874,5,Google Ads
2025-05-18,P106,Electronics,40,41.20005851801611,0,Meta Ads
2025-05-18,P104,Electronics,30,62.15389822614941,5,Organic Search
2025-05-18,P119,Electronics,26,80.64650080069643,0,Organic Search
2025-05-18,P113,Electronics,49,76.20723596444762,0,Meta Ads
2025-05-18,P104,Electronics,14,56.89870835245564,10,Organic Search
2025-05-18,P110,Electronics,10,117.58573021608906,0,Email
2025-05-18,P118,Furniture,25,111.0276097040987,0,Google Ads
2025-05-18,P115,Furniture,13,61.03042290322994,15,Organic Search
2025-05-18,P117,Furniture,45,40.41231839799211,5,Meta Ads
2025-05-18,P108,Furniture,27,20.251950566216784,10,Email
2025-05-18,P101,Furniture,9,23.100242696656096,10,Google Ads
2025-05-18,P111,Furniture,7,37.61116004516803,0,Meta Ads
2025-05-25,P116,Home Decor,22,99.53448344204459,10,Meta Ads
2025-05-25,P113,Home Decor,7,79.76227882451683,5,Email
2025-05-25,P114,Home Decor,46,59.88704328745971,0,Google Ads
2025-05-25,P111,Home Decor,32,111.10200441637141,10,Meta Ads
2025-05-25,P118,Home Decor,25,58.19064398241011,10,Email
2025-05-25,P106,Home Decor,40,71.17767798288796,0,Meta Ads
2025-05-25,P118,Kitchen,26,97.4352599800493,0,Organic Search
2025-05-25,P113,Kitchen,11,20.898488121481098,0,Meta Ads
2025-05-25,P104,Kitchen,5,95.26627644792795,0,Google Ads
2025-05-25,P118,Kitchen,42,31.74668756684262,0,Meta Ads
2025-05-25,P105,Kitchen,32,84.74303542384166,10,Email
2025-05-25,P113,Kitchen,23,26.59534565816578,0,Organic Search
2025-05-25,P104,Kitchen,31,69.07559426952093,0,Organic Search
2025-05-25,P120,Kitchen,49,47.31856232647829,10,Organic Search
2025-05-25,P104,Outdoor,46,43.507369189096124,0,Email
2025-05-25,P117,Outdoor,13,23.152281478822033,10,Google Ads
2025-05-25,P107,Outdoor,9,86.07878221466792,10,Google Ads
2025-05-25,P116,Outdoor,26,46.074003330158945,0,Email
2025-05-25,P113,Outdoor,27,60.10890217389815,5,Email
2025-05-25,P102,Outdoor,48,69.06800174089224,0,Meta Ads
2025-05-25,P101,Outdoor,47,91.9034558053302,10,Meta Ads
2025-05-25,P110,Outdoor,40,27.433579113472845,0,Email
2025-05-25,P111,Outdoor,23,50.24575246910126,5,Google Ads
2025-05-25,P109,Electronics,37,71.79502540299848,5,Meta Ads
2025-05-25,P115,Electronics,33,67.51183896804582,0,Email
2025-05-25,P101,Electronics,17,88.14586347782596,0,Email
2025-05-25,P107,Electronics,30,68.78989951056593,0,Google Ads
2025-05-25,P117,Electronics,43,59.02352442243231,0,Email
2025-05-25,P117,Electronics,7,73.87122096858974,5,Organic Search
2025-05-25,P116,Electronics,32,88.21391900065498,5,Google Ads
2025-05-25,P116,Furniture,48,50.03098156287089,5,Google Ads
2025-05-25,P114,Furniture,23,104.77227205395481,10,Meta Ads
2025-05-25,P103,Furniture,34,83.01629445978593,0,Google Ads
2025-05-25,P116,Furniture,12,107.12179757894806,0,Google Ads
2025-05-25,P108,Furniture,32,72.28644418026052,15,Organic Search
2025-05-25,P118,Furniture,49,118.86786416556376,0,Meta Ads
2025-05-25,P110,Furniture,23,22.350368773971905,5,Meta Ads
2025-05-25,P108,Furniture,8,63.74504457261862,5,Google Ads
2025-05-25,P111,Furniture,34,37.855076955956285,5,Organic Search
2025-06-01,P109,Home Decor,38,96.14500519548542,0,Google Ads
2025-06-01,P104,Home Decor,41,69.71268500338073,0,Email
2025-06-01,P120,Home Decor,41,36.76044147573222,5,Google Ads
2025-06-01,P107,Home Decor,32,56.02929099461189,0,Email
2025-06-01,P116,Home Decor,7,60.48212668809247,5,Email
2025-06-01,P105,Kitchen,46,47.224973885429854,0,Meta Ads
2025-06-01,P111,Kitchen,12,76.79301819169382,0,Google Ads
2025-06-01,P113,Kitchen,34,106.2071621814597,5,Google Ads
2025-06-01,P111,Kitchen,21,76.3901494674116,0,Google Ads
2025-06-01,P119,Kitchen,22,115.64227274511272,0,Organic Search
2025-06-01,P106,Kitchen,7,113.60219034228062,5,Meta Ads
2025-06-01,P113,Outdoor,25,87.93730068384141,0,Organic Search
2025-06-01,P104,Outdoor,14,84.5067392033562,10,Organic Search
2025-06-01,P104,Outdoor,10,97.60437577426745,5,Meta Ads
2025-06-01,P120,Outdoor,32,37.80924307756614,0,Meta Ads
2025-06-01,P106,Outdoor,36,40.5566517379457,0,Meta Ads
2025-06-01,P116,Electronics,44,92.30403266549776,0,Meta Ads
2025-06-01,P113,Electronics,6,93.54049731899735,10,Organic Search
2025-06-01,P106,Electronics,24,109.82484142703652,10,Google Ads
2025-06-01,P110,Electronics,31,40.35713095197112,0,Google Ads
2025-06-01,P113,Electronics,15,52.84481684985604,5,Google Ads
2025-06-01,P111,Electronics,39,16.653005864546085,0,Google Ads
2025-06-01,P117,Furniture,36,28.927680648100083,0,Email
2025-06-01,P103,Furniture,9,105.76549092117823,0,Organic Search
2025-06-01,P104,Furniture,23,61.4408495723692,5,Organic Search
2025-06-01,P111,Furniture,23,106.18313273384511,0,Meta Ads
2025-06-01,P102,Furniture,9,81.47262861744886,0,Meta Ads
2025-06-01,P112,Furniture,46,90.0855169347885,0,Meta Ads
2025-06-08,P111,Home Decor,31,86.14081945778689,0,Organic Search
2025-06-08,P111,Home Decor,9,20.711028594842674,5,Google Ads
2025-06-08,P109,Home Decor,26,31.40168971209531,5,Google Ads
2025-06-08,P104,Home Decor,44,89.03961028490914,0,Meta Ads
2025-06-08,P115,Home Decor,18,21.363515310065527,5,Meta Ads
2025-06-08,P101,Home Decor,47,62.625794991897585,0,Email
2025-06-08,P120,Home Decor,7,82.09837668606669,15,Organic Search
2025-06-08,P113,Kitchen,42,82.47064908398157,0,Meta Ads
2025-06-08,P111,Kitchen,44,77.3786919598198,5,Meta Ads
2025-06-08,P108,Kitchen,21,78.7189303317146,10,Google Ads
2025-06-08,P116,Kitchen,47,37.17934230465775,10,Email
2025-06-08,P115,Kitchen,31,92.4297390059211,0,Email
2025-06-08,P109,Kitchen,24,37.70383595841687,5,Organic Search
2025-06-08,P108,Kitchen,34,28.433377073737233,0,Organic Search
2025-06-08,P112,Kitchen,46,113.48634930055889,0,Organic Search
2025-06-08,P111,Kitchen,11,37.13327566275301,0,Email
2025-06-08,P118,Outdoor,14,22.85622654547217,0,Google Ads
2025-06-08,P120,Outdoor,44,27.01530945429765,0,Organic Search
2025-06-08,P108,Outdoor,12,38.06921299109705,0,Google Ads
2025-06-08,P110,Outdoor,40,85.76939185530169,0,Google Ads
2025-06-08,P105,Outdoor,8,30.42680197629593,0,Google Ads
2025-06-08,P102,Outdoor,15,74.15787827080467,10,Organic Search
2025-06-08,P105,Outdoor,14,68.07841984093571,0,Meta Ads
2025-06-08,P103,Outdoor,27,23.6385940490915,0,Google Ads
2025-06-08,P110,Electronics,38,63.13529953380099,5,Google Ads
2025-06-08,P116,Electronics,16,96.59017499343439,10,Meta Ads
2025-06-08,P115,Electronics,43,74.06829613366997,5,Google Ads
2025-06-08,P108,Electronics,31,69.88981486399632,0,Meta Ads
2025-06-08,P109,Electronics,48,87.13911081116046,5,Meta Ads
2025-06-08,P103,Electronics,20,49.46447609622564,0,Email
2025-06-08,P108,Furniture,21,100.87491209377811,0,Google Ads
2025-06-08,P113,Furniture,30,106.30863865985164,0,Meta Ads
2025-06-08,P107,Furniture,17,84.47506226106485,0,Organic Search
2025-06-08,P106,Furniture,34,104.69738284472025,0,Organic Search
2025-06-08,P102,Furniture,36,112.34799709576718,15,Organic Search
2025-06-15,P106,Home Decor,39,113.58397080433387,10,Meta Ads
2025-06-15,P112,Home Decor,35,75.1884354172071,0,Meta Ads
2025-06-15,P120,Home Decor,45,41.5278332152351,0,Email
2025-06-15,P120,Home Decor,26,93.92599806240652,5,Google Ads
2025-06-15,P110,Home Decor,24,54.535680217876326,0,Email
2025-06-15,P101,Kitchen,17,24.846535256986733,0,Meta Ads
2025-06-15,P118,Kitchen,27,45.603395916848356,0,Organic Search
2025-06-15,P115,Kitchen,43,15.67569720716355,5,Organic Search
2025-06-15,P116,Kitchen,22,68.85682730135039,5,Email
2025-06-15,P113,Kitchen,33,89.35279266456567,0,Email
2025-06-15,P111,Kitchen,25,19.772512545758577,5,Google Ads
2025-06-15,P119,Kitchen,13,64.17466952305043,5,Email
2025-06-15,P120,Kitchen,13,103.11394147293136,0,Google Ads
2025-06-15,P111,Outdoor,13,50.28074119396142,0,Meta Ads
2025-06-15,P113,Outdoor,12,44.51022376752336,0,Google Ads
2025-06-15,P101,Outdoor,46,56.16982557498013,5,Email
2025-06-15,P111,Outdoor,37,39.87799911519811,5,Email
2025-06-15,P108,Outdoor,10,53.418010003472446,0,Organic Search
2025-06-15,P113,Outdoor,12,96.40062544266968,0,Organic Search
2025-06-15,P111,Outdoor,25,115.95669408028178,5,Google Ads
2025-06-15,P107,Electronics,21,83.60526734026146,0,Google Ads
2025-06-15,P102,Electronics,41,107.90978735808045,5,Email
2025-06-15,P117,Electronics,17,16.079872073247664,5,Google Ads
2025-06-15,P109,Electronics,23,47.747340755191146,0,Meta Ads
2025-06-15,P108,Electronics,32,42.41009525465905,0,Meta Ads
2025-06-15,P108,Electronics,16,34.50197256054449,0,Meta Ads
2025-06-15,P104,Electronics,31,24.697855451694743,0,Google Ads
2025-06-15,P114,Furniture,38,34.88630887790884,0,Meta Ads
2025-06-15,P110,Furniture,24,94.15614868454087,0,Organic Search
2025-06-15,P103,Furniture,7,94.49005204335567,0,Google Ads
2025-06-15,P115,Furniture,45,84.66997736091248,0,Meta Ads
2025-06-15,P102,Furniture,24,94.53376677232535,0,Organic Search
2025-06-15,P116,Furniture,5,61.20609488348687,5,Email
2025-06-15,P103,Furniture,29,105.6292314622526,10,Meta Ads
2025-06-15,P101,Furniture,19,114.73946516583797,0,Google Ads
2025-06-22,P105,Home Decor,47,51.11555708855698,5,Meta Ads
2025-06-22,P104,Home Decor,25,101.2030068164098,0,Meta Ads
2025-06-22,P103,Home Decor,14,49.31344411506662,0,Meta Ads
2025-06-22,P111,Home Decor,9,25.367406722679917,0,Organic Search
2025-06-22,P105,Home Decor,49,76.43323643165132,0,Google Ads
2025-06-22,P116,Kitchen,44,18.40656183495463,5,Email
2025-06-22,P112,Kitchen,30,97.8966913345255,5,Google Ads
2025-06-22,P109,Kitchen,25,40.20742775119448,0,Google Ads
2025-06-22,P120,Kitchen,5,63.08254441557293,0,Google Ads
2025-06-22,P115,Kitchen,46,52.716918433182485,10,Meta Ads
2025-06-22,P117,Kitchen,39,51.836006480176636,0,Google Ads
2025-06-22,P115,Kitchen,30,31.383760190697576,10,Google Ads
2025-06-22,P106,Outdoor,18,55.00408373518199,10,Meta Ads
2025-06-22,P113,Outdoor,39,16.759411971700153,5,Meta Ads
2025-06-22,P117,Outdoor,38,18.429201382372067,0,Meta Ads
2025-06-22,P120,Outdoor,22,49.87152724735308,10,Google Ads
2025-06-22,P114,Outdoor,48,27.217640942272066,5,Google Ads
2025-06-22,P111,Outdoor,39,23.064320073014258,0,Google Ads
2025-06-22,P104,Outdoor,48,100.54045549454887,5,Email
2025-06-22,P117,Outdoor,5,61.63210088211489,5,Organic Search
2025-06-22,P106,Outdoor,18,44.20044908196743,0,Email
2025-06-22,P108,Electronics,32,110.2611391574226,0,Google Ads
2025-06-22,P113,Electronics,7,39.29496681956904,0,Email
2025-06-22,P111,Electronics,43,38.146830445768984,10,Google Ads
2025-06-22,P112,Electronics,46,48.24160979040837,0,Organic Search
2025-06-22,P110,Electronics,9,97.0012056826657,0,Meta Ads
2025-06-22,P102,Electronics,49,84.09577330542818,0,Organic Search
2025-06-22,P114,Electronics,33,111.08137691430835,0,Google Ads
2025-06-22,P118,Electronics,36,43.81038354627168,10,Google Ads
2025-06-22,P103,Furniture,47,117.72725264096995,15,Organic Search
2025-06-22,P104,Furniture,23,51.30964033309462,5,Google Ads
2025-06-22,P106,Furniture,5,57.02228896421556,5,Meta Ads
2025-06-22,P111,Furniture,46,17.70580787025687,5,Meta Ads
2025-06-22,P114,Furniture,45,35.800029255630406,0,Email
2025-06-22,P115,Furniture,27,58.80530894928053,0,Meta Ads
2025-06-22,P113,Furniture,29,98.70716262077009,5,Meta Ads
2025-06-29,P109,Home Decor,39,78.25719140649171,0,Google Ads
2025-06-29,P103,Home Decor,25,102.66945659791239,15,Google Ads
2025-06-29,P117,Home Decor,6,112.27869878539941,0,Google Ads
2025-06-29,P111,Home Decor,22,105.085284546081,5,Meta Ads
2025-06-29,P116,Home Decor,48,47.93918376546685,0,Google Ads
2025-06-29,P110,Home Decor,17,74.45257665402474,0,Meta Ads
2025-06-29,P115,Kitchen,11,28.856358560515982,0,Google Ads
2025-06-29,P108,Kitchen,17,102.39817166440447,10,Google Ads
2025-06-29,P117,Kitchen,25,24.19708622762437,0,Google Ads
2025-06-29,P104,Kitchen,33,80.77798706607734,0,Meta Ads
2025-06-29,P116,Kitchen,11,20.385854143027636,0,Meta Ads
2025-06-29,P105,Kitchen,19,56.430093108487,0,Email
2025-06-29,P113,Outdoor,41,94.8168976279667,0,Meta Ads
2025-06-29,P120,Outdoor,40,57.81015591984865,0,Email
2025-06-29,P118,Outdoor,40,76.40805632733262,0,Google Ads
2025-06-29,P102,Outdoor,33,51.20584881334783,0,Google Ads
2025-06-29,P115,Outdoor,43,26.6694004698613,5,Google Ads
2025-06-29,P120,Outdoor,24,85.67467374567778,10,Email
2025-06-29,P118,Outdoor,27,92.48484947674717,0,Google Ads
2025-06-29,P104,Electronics,38,18.152239875652548,0,Google Ads
2025-06-29,P107,Electronics,46,98.35090091034417,5,Google Ads
2025-06-29,P119,Electronics,36,80.0359467834827,0,Organic Search
2025-06-29,P102,Electronics,28,74.24434075187628,10,Email
2025-06-29,P114,Electronics,35,87.35420364356412,10,Google Ads
2025-06-29,P104,Electronics,16,19.214580203963486,10,Email
2025-06-29,P101,Furniture,46,98.1036717933995,5,Email
2025-06-29,P104,Furniture,30,45.22228637941862,0,Google Ads
2025-06-29,P111,Furniture,16,30.936418034365715,10,Organic Search
2025-06-29,P102,Furniture,6,75.41271317855535,0,Email
2025-06-29,P106,Furniture,36,38.758605150334546,5,Google Ads
2025-06-29,P108,Furniture,45,83.48471207890628,0,Meta Ads
2025-06-29,P116,Furniture,24,88.64524498376745,0,Google Ads
2025-06-29,P116,Furniture,30,77.38489558942804,0,Meta Ads
